merchant,bucket,category,your_fix
ABC ENTE,you_tag_shop,Uncategorized,
ARTI ENT,you_tag_shop,Uncategorized,
BALAJI,you_tag_shop,Uncategorized,
INNOVATIVE RETA,you_tag_shop,Uncategorized,
M S SAPTRISHI,you_tag_shop,Uncategorized,
M S VASC,you_tag_shop,Uncategorized,
MAA AMBE,you_tag_shop,Uncategorized,
OM SAIRA,you_tag_shop,Uncategorized,
OM TRADE,you_tag_shop,Uncategorized,
RIYA AGENCIES,you_tag_shop,Uncategorized,
RS ENTER,you_tag_shop,Uncategorized,
SAI ENTE,you_tag_shop,Uncategorized,
SAPTRISHI CREAT,you_tag_shop,Uncategorized,
SARITA DISTRIBU,you_tag_shop,Uncategorized,
SHREE,you_tag_shop,Uncategorized,
SHREE SAI AGENC,you_tag_shop,Uncategorized,
SHREE SAI ENTER,you_tag_shop,Uncategorized,
SHRI AAS,you_tag_shop,Uncategorized,
SHRI VIS,you_tag_shop,Uncategorized,
TECH UDYAM SOLU,you_tag_shop,Uncategorized,
ABHIJEETSINGHPARIHAR,you_tag_name_or_shop,Uncategorized,
ADITYA,you_tag_name_or_shop,Uncategorized,
ADITYA VISION,you_tag_name_or_shop,Uncategorized,
AKASH,you_tag_name_or_shop,Uncategorized,
AKSHAY,you_tag_name_or_shop,Uncategorized,
ALPHA,you_tag_name_or_shop,Uncategorized,
AMBIKA,you_tag_name_or_shop,Uncategorized,
AMEYA,you_tag_name_or_shop,Uncategorized,
AMGOLA OFFSITE,you_tag_name_or_shop,Uncategorized,
AMIT RAM,you_tag_name_or_shop,Uncategorized,
AMSL,you_tag_name_or_shop,Uncategorized,
ANIL KUM,you_tag_name_or_shop,Uncategorized,
ANITA,you_tag_name_or_shop,Uncategorized,
ANWAR,you_tag_name_or_shop,Uncategorized,
AQUA DUN,you_tag_name_or_shop,Uncategorized,
ARJUN,you_tag_name_or_shop,Uncategorized,
ARUN KUM,you_tag_name_or_shop,Uncategorized,
ASHAPURA,you_tag_name_or_shop,Uncategorized,
ASHISH KUMAR,you_tag_name_or_shop,Uncategorized,
ASHOK,you_tag_name_or_shop,Uncategorized,
ASHWANI,you_tag_name_or_shop,Uncategorized,
ASROF,you_tag_name_or_shop,Uncategorized,
AVINASH,you_tag_name_or_shop,Uncategorized,
BABY KUM,you_tag_name_or_shop,Uncategorized,
BHAGIRAT,you_tag_name_or_shop,Uncategorized,
BHARAT,you_tag_name_or_shop,Uncategorized,
BHAUSAHE,you_tag_name_or_shop,Uncategorized,
BIRU KUM,you_tag_name_or_shop,Uncategorized,
BROOMEES,you_tag_name_or_shop,Uncategorized,
CARE COR,you_tag_name_or_shop,Uncategorized,
CHANDAN,you_tag_name_or_shop,Uncategorized,
CHANDRAM,you_tag_name_or_shop,Uncategorized,
CHHOTI SARAIYAGUNJ BR,you_tag_name_or_shop,Uncategorized,
COPACABANA,you_tag_name_or_shop,Uncategorized,
D P GUPT,you_tag_name_or_shop,Uncategorized,
DATTA,you_tag_name_or_shop,Uncategorized,
DEFMACRO,you_tag_name_or_shop,Uncategorized,
DILIP,you_tag_name_or_shop,Uncategorized,
DINBANDHU,you_tag_name_or_shop,Uncategorized,
DIWANA,you_tag_name_or_shop,Uncategorized,
DROGHERI,you_tag_name_or_shop,Uncategorized,
DUNGARAM,you_tag_name_or_shop,Uncategorized,
EKATRIKA,you_tag_name_or_shop,Uncategorized,
FAIYAZ,you_tag_name_or_shop,Uncategorized,
FOURPIRA,you_tag_name_or_shop,Uncategorized,
GANESH,you_tag_name_or_shop,Uncategorized,
GARIMA,you_tag_name_or_shop,Uncategorized,
GAVASKAR,you_tag_name_or_shop,Uncategorized,
GHANSHYA,you_tag_name_or_shop,Uncategorized,
GO NATUR,you_tag_name_or_shop,Uncategorized,
GOBARDHA,you_tag_name_or_shop,Uncategorized,
GOBARDHAN RAM,you_tag_name_or_shop,Uncategorized,
GOBARDHAN RAM RAMASHIS,you_tag_name_or_shop,Uncategorized,
GOBERDHA,you_tag_name_or_shop,Uncategorized,
GOKULSIN,you_tag_name_or_shop,Uncategorized,
GOVIND,you_tag_name_or_shop,Uncategorized,
GURU COL,you_tag_name_or_shop,Uncategorized,
HARLEYS,you_tag_name_or_shop,Uncategorized,
HEALTH AND,you_tag_name_or_shop,Uncategorized,
HEMARAM,you_tag_name_or_shop,Uncategorized,
IMPERIAL,you_tag_name_or_shop,Uncategorized,
INNOVATI,you_tag_name_or_shop,Uncategorized,
JADHAV,you_tag_name_or_shop,Uncategorized,
JITENDER,you_tag_name_or_shop,Uncategorized,
JITENDRA,you_tag_name_or_shop,Uncategorized,
JYOTISHATECHNOLOGYPR,you_tag_name_or_shop,Uncategorized,
KAJAL SUNIL MAHAJAN,you_tag_name_or_shop,Uncategorized,
KALYANI,you_tag_name_or_shop,Uncategorized,
KIRAN,you_tag_name_or_shop,Uncategorized,
KRISHNA,you_tag_name_or_shop,Uncategorized,
KUMAR,you_tag_name_or_shop,Uncategorized,
LAXMAN,you_tag_name_or_shop,Uncategorized,
LAXMI,you_tag_name_or_shop,Uncategorized,
LIVE FRE,you_tag_name_or_shop,Uncategorized,
LUCKY,you_tag_name_or_shop,Uncategorized,
MAHADIK,you_tag_name_or_shop,Uncategorized,
MAHESH,you_tag_name_or_shop,Uncategorized,
MAITRAYE,you_tag_name_or_shop,Uncategorized,
MANISH,you_tag_name_or_shop,Uncategorized,
MANOJ,you_tag_name_or_shop,Uncategorized,
MEENA,you_tag_name_or_shop,Uncategorized,
MOHIT,you_tag_name_or_shop,Uncategorized,
NADEEM,you_tag_name_or_shop,Uncategorized,
NARAYAN,you_tag_name_or_shop,Uncategorized,
NEW BALA,you_tag_name_or_shop,Uncategorized,
NEW HUMA,you_tag_name_or_shop,Uncategorized,
NEW NAGN,you_tag_name_or_shop,Uncategorized,
NOBLE,you_tag_name_or_shop,Uncategorized,
NURSHAD SHAIKH,you_tag_name_or_shop,Uncategorized,
OAM INDU,you_tag_name_or_shop,Uncategorized,
PARIHAR,you_tag_name_or_shop,Uncategorized,
PATEL,you_tag_name_or_shop,Uncategorized,
PESHWAI,you_tag_name_or_shop,Uncategorized,
POPULAR,you_tag_name_or_shop,Uncategorized,
PRATIBHA,you_tag_name_or_shop,Uncategorized,
PUSHKAR KULKARNI,you_tag_name_or_shop,Uncategorized,
RAHUL,you_tag_name_or_shop,Uncategorized,
RAJANKUM,you_tag_name_or_shop,Uncategorized,
RAJARAM,you_tag_name_or_shop,Uncategorized,
RAJASHRE,you_tag_name_or_shop,Uncategorized,
RAJEEV,you_tag_name_or_shop,Uncategorized,
RAKESH,you_tag_name_or_shop,Uncategorized,
RAMKRIPA,you_tag_name_or_shop,Uncategorized,
RATNESH,you_tag_name_or_shop,Uncategorized,
REKHA,you_tag_name_or_shop,Uncategorized,
RENUKA,you_tag_name_or_shop,Uncategorized,
REPORT BILLING ISSUES,you_tag_name_or_shop,Uncategorized,
RHYTHM,you_tag_name_or_shop,Uncategorized,
RITIKA GROVER,you_tag_name_or_shop,Uncategorized,
ROCKFORSURE,you_tag_name_or_shop,Uncategorized,
SACHIN,you_tag_name_or_shop,Uncategorized,
SADHANA,you_tag_name_or_shop,Uncategorized,
SAHAJAD,you_tag_name_or_shop,Uncategorized,
SAHIL,you_tag_name_or_shop,Uncategorized,
SANGAM,you_tag_name_or_shop,Uncategorized,
SAPTRISH,you_tag_name_or_shop,Uncategorized,
SBIINTOUCH,you_tag_name_or_shop,Uncategorized,
SEMPER FIDELIS,you_tag_name_or_shop,Uncategorized,
SENGAM,you_tag_name_or_shop,Uncategorized,
SHARMA,you_tag_name_or_shop,Uncategorized,
SHIV AQU,you_tag_name_or_shop,Uncategorized,
SHIV PRA,you_tag_name_or_shop,Uncategorized,
SIL KOKA,you_tag_name_or_shop,Uncategorized,
SONU KUM,you_tag_name_or_shop,Uncategorized,
SUDHIR,you_tag_name_or_shop,Uncategorized,
SUKHWANI,you_tag_name_or_shop,Uncategorized,
SUNIL,you_tag_name_or_shop,Uncategorized,
SURESH,you_tag_name_or_shop,Uncategorized,
SWATI,you_tag_name_or_shop,Uncategorized,
TARKESHW,you_tag_name_or_shop,Uncategorized,
THE DRY,you_tag_name_or_shop,Uncategorized,
THE KASH,you_tag_name_or_shop,Uncategorized,
TOBOX,you_tag_name_or_shop,Uncategorized,
VANE CHA,you_tag_name_or_shop,Uncategorized,
VARDARAM,you_tag_name_or_shop,Uncategorized,
VATIKA,you_tag_name_or_shop,Uncategorized,
VIJAY,you_tag_name_or_shop,Uncategorized,
VIKASH,you_tag_name_or_shop,Uncategorized,
VINOD,you_tag_name_or_shop,Uncategorized,
VISHWESH,you_tag_name_or_shop,Uncategorized,
WILLIAM SINGH,you_tag_name_or_shop,Uncategorized,
WONROCK,you_tag_name_or_shop,Uncategorized,
ZENITH,you_tag_name_or_shop,Uncategorized,
C333 DEH,you_tag_other,Uncategorized,
HDFC BANK XX5656,you_tag_other,Uncategorized,
REPLAY-P,you_tag_other,Uncategorized,
SHAKTI_S,you_tag_other,Uncategorized,
TAL-HAVELI,you_tag_other,Uncategorized,
1000180217000211.9304805868@IDBI,person,Personal Transfers,
1000211118000013.8446541409@IDBI,person,Personal Transfers,
2601SUNILSINGH@OKHDFCBANK,person,Personal Transfers,
7070761450@PAYTM,person,Personal Transfers,
7350335070@YBL,person,Personal Transfers,
779888266464@YBL,person,Personal Transfers,
7838977136@PAYTM,person,Personal Transfers,
7870240552@PAYTM,person,Personal Transfers,
7878857229@IBL,person,Personal Transfers,
7909057459@YBL,person,Personal Transfers,
8010473790@IBL,person,Personal Transfers,
8010473790@YBL,person,Personal Transfers,
8083372880@YBL,person,Personal Transfers,
8084861736@YBL,person,Personal Transfers,
8177944299@IBL,person,Personal Transfers,
8210912218@SBI,person,Personal Transfers,
8432332510@YBL,person,Personal Transfers,
8530997715@PAYTM,person,Personal Transfers,
8698789928@IBL,person,Personal Transfers,
8796944829@PAYTM,person,Personal Transfers,
8830885879@YBL,person,Personal Transfers,
9028044062@PAYTM,person,Personal Transfers,
9112658585@UPI,person,Personal Transfers,
9162260882@YBL,person,Personal Transfers,
919766080326.K@MAHB,person,Personal Transfers,
9325533582@UPI,person,Personal Transfers,
9370203783@YBL,person,Personal Transfers,
9405463644@PAYTM,person,Personal Transfers,
9431006737@SBI,person,Personal Transfers,
9518991924@YBL,person,Personal Transfers,
9545300928@YBL,person,Personal Transfers,
9591253270@PAYTM,person,Personal Transfers,
9604330063@IBL,person,Personal Transfers,
9650078630@PAYTM,person,Personal Transfers,
9650626959@PAYTM,person,Personal Transfers,
9699576890@PAYTM,person,Personal Transfers,
9730969759@PAYTM,person,Personal Transfers,
9763479268@YBL,person,Personal Transfers,
9763582508@YBL,person,Personal Transfers,
9818789068@PAYTM,person,Personal Transfers,
9821145078@YBL,person,Personal Transfers,
9860765268@YBL,person,Personal Transfers,
9916637433@APL,person,Personal Transfers,
9931127104@YBL,person,Personal Transfers,
9973026662@YBL,person,Personal Transfers,
9975606855@YBL,person,Personal Transfers,
9984488354@PAYTM,person,Personal Transfers,
ABHISHEKMORE515151@IBL,person,Personal Transfers,
ABRG1303@OKHDFCBANK,person,Personal Transfers,
AJAYKUMAR7033793449@OKICICI,person,Personal Transfers,
AKASHRAJKAR007-6@OKSBI,person,Personal Transfers,
AKSHAYSINGLA07@OKICICI,person,Personal Transfers,
ALAMAAJADA52@OKSBI,person,Personal Transfers,
AMANSHRIVASTAVA1512@OKHDFCBANK,person,Personal Transfers,
AMARP5250@OKAXIS,person,Personal Transfers,
ANKITKUMAR4544@UTKARSHBANK,person,Personal Transfers,
ASTHA.DIWAN-1@OKAXIS,person,Personal Transfers,
BABLOOBHAGAT92@OKHDFCBANK,person,Personal Transfers,
BABURAJABABU98@YBL,person,Personal Transfers,
BITTUKUMAR1P-1@OKHDFCBANK,person,Personal Transfers,
BOISM-9922444238@BOI,person,Personal Transfers,
DATTA.RAJMANE@OKICICI,person,Personal Transfers,
DNYANOBAZILMEWAD@YBL,person,Personal Transfers,
DRJKKHATRI@OKSBI,person,Personal Transfers,
ELIYASSHAIKH845@OKSBI,person,Personal Transfers,
GINDIA528-1@OKAXIS,person,Personal Transfers,
JEE-JYOTIJEE33@OKICICI-ICIC0000564-100210053657-CB.AVL,person,Personal Transfers,
JEE-JYOTIJEE33@OKICICI-ICIC0000564-103412177351-RENT.AVL,person,Personal Transfers,
JEE-JYOTIJEE33@OKICICI-ICIC0000564-103919144084-LIC.AVL,person,Personal Transfers,
JEE-JYOTIJEE33@OKICICI-ICIC0000564-103919157636-LIC.AVL,person,Personal Transfers,
JEE-JYOTIJEE33@OKICICI-ICIC0000564-103919167425-LIC.AVL,person,Personal Transfers,
JEE-JYOTIJEE33@OKICICI-ICIC0000564-103919179217-LIC.AVL,person,Personal Transfers,
JEE-JYOTIJEE33@OKICICI-ICIC0000564-106310307314-UPI.AVL,person,Personal Transfers,
JEE-JYOTIJEE33@OKICICI-ICIC0000564-127066236327-ME.AVL,person,Personal Transfers,
JEE-JYOTIJEE33@OKICICI-ICIC0000564-130453876752-DBDB.AVL,person,Personal Transfers,
JEE-JYOTIJEE33@OKICICI-ICIC0000564-130453887914-VZBS.AVL,person,Personal Transfers,
JEE-JYOTIJEE33@OKICICI-ICIC0000564-131049814385-UPI.AVL,person,Personal Transfers,
JEE-JYOTIJEE33@OKICICI-ICIC0000564-131386942137-UPI.AVL,person,Personal Transfers,
JURAIJ3713-2@OKHDFCBANK,person,Personal Transfers,
JYOTIJEE33@OKICICI,person,Personal Transfers,
KAPOORGAUTAM11@OKAXIS,person,Personal Transfers,
KSHAH92@OKICICI,person,Personal Transfers,
KUMARSHUBHAM1923-1@OKICICI,person,Personal Transfers,
MANISH.KUMAR123248@OKICICI,person,Personal Transfers,
MANISH.KUMAR123248@YBL,person,Personal Transfers,
MR AMIT,person,Personal Transfers,
MR ANUJ,person,Personal Transfers,
MR LEELA,person,Personal Transfers,
MR MACHI,person,Personal Transfers,
MR MANTU,person,Personal Transfers,
MR MD,person,Personal Transfers,
MRAJMK39@OKICICI,person,Personal Transfers,
MRS KAVE,person,Personal Transfers,
MRS SHAS,person,Personal Transfers,
NITILIKE@OKICICI,person,Personal Transfers,
PAYTM-PTMBBP@PAYTM,person,Personal Transfers,
PAYTM-PTMGTP@PAYTM,person,Personal Transfers,
POOJA620050@OKICICI,person,Personal Transfers,
RAHULB546@OKICICI,person,Personal Transfers,
RAJURAMJANGU43-2@OKAXIS,person,Personal Transfers,
RAYNIMESH2@OKSBI,person,Personal Transfers,
RIDDHISHIDDI380@OKAXIS,person,Personal Transfers,
RRRATHOD6279@OKICICI,person,Personal Transfers,
SACHINGURAV148@OKHDFCBANK,person,Personal Transfers,
SACHINKAMBLE1932-1@OKAXIS,person,Personal Transfers,
SAHUKUSHAGRA15@OKICICI,person,Personal Transfers,
SALIMKAZI501-2@OKSBI,person,Personal Transfers,
SALVEABHISHEK8085@OKAXIS,person,Personal Transfers,
SAM0988@OKSBI,person,Personal Transfers,
SANDEEP.ORANE-1@OKAXIS,person,Personal Transfers,
SANJAYKUMAR.VALA@YBL,person,Personal Transfers,
SANTOSHPALANDE2311-1@OKHDFCBANK,person,Personal Transfers,
SHAILYSONI00@OKHDFCBANK,person,Personal Transfers,
SHINDEAVINASH0257@OKSBI,person,Personal Transfers,
SIDDHESHWARKALE7777-2@OKHDFCBANK,person,Personal Transfers,
SIDHESHWARMANE23-1@OKAXIS,person,Personal Transfers,
SIRVIBHERARAM248@OKHDFCBANK,person,Personal Transfers,
SOPANBIRADAR19@OKHDFCBANK,person,Personal Transfers,
SUNILSOURABH23@OKAXIS,person,Personal Transfers,
SURAJKAPILE99235-3@OKHDFCBANK,person,Personal Transfers,
SUTHARBHAVESH2121@OKICICI,person,Personal Transfers,
SUVIR.KR@OKICICI,person,Personal Transfers,
SWAINA122-1@OKHDFCBANK,person,Personal Transfers,
TADASAREMAKARAND1@OKAXIS,person,Personal Transfers,
VINODTHORAT851@OKHDFCBANK,person,Personal Transfers,
VPA 2601SUNILSINGH@OKHDFCBANK,person,Personal Transfers,
VPA 7702342124@YBL,person,Personal Transfers,
VPA 9049969404@PTSBI,person,Personal Transfers,
VPA 9545300928@YBL,person,Personal Transfers,
VPA 9560781222@PTHDFC,person,Personal Transfers,
VPA 9637042828@YBL,person,Personal Transfers,
VPA 9650078630@UPI,person,Personal Transfers,
VPA 9910798482@PTSBI,person,Personal Transfers,
VPA 9916637433@APL,person,Personal Transfers,
VPA 9984488354@PTYES,person,Personal Transfers,
VPA JYOTIJEE33@OKICICI,person,Personal Transfers,
VPA YMOHOD2-1@OKAXIS,person,Personal Transfers,
VPATIL305-1@OKICICI,person,Personal Transfers,
VRCVIRENDRA@OKSBI,person,Personal Transfers,
WAUGHPIYUSH@OKICICI,person,Personal Transfers,
1MG,brand,Health,
1MGTECHNOLOGIES@PAYTM,brand,Health,
5PAISA,brand,Investments,
6218048592758C@MAIRTEL,brand,Bills & Utilities,
9319977102 -CARS24,brand,Vehicle,
ACKO,brand,Insurance,
AIRTEL,brand,Bills & Utilities,
AIRTELIN,brand,Bills & Utilities,
ALL RELIANCE JEWELS SHOWROOMS,brand,Jewellery & Watches,
ALYSSUM,brand,Housing,
ALYSSUM DEVELOP,brand,Housing,
AMAZON,brand,Online Shopping,
AMAZON 12 EMI,brand,EMI & Loans,
AMAZON 3 EMI,brand,EMI & Loans,
AMAZON 9 EMI,brand,EMI & Loans,
AMAZON BANGALORE IND,brand,Online Shopping,
AMAZON INDIA,brand,Online Shopping,
AMAZON INDIA CY,brand,Online Shopping,
AMAZON INDIA CYBS SI,brand,Online Shopping,
AMAZON PAY INDI,brand,Online Shopping,
AMAZON PGSI,brand,Online Shopping,
AMAZON PRIME SUBSCRIPTION,brand,Subscriptions,
AMAZON SELLER SERVICES MUMBAI IND,brand,Online Shopping,
AMAZON@APL,brand,Online Shopping,
AMAZON@YAPL,brand,Online Shopping,
AMAZONPAY@APL,brand,Online Shopping,
AMAZONPAYGROCERY@YAPL,brand,Groceries,
AMAZONSELLERSERVICES,brand,Online Shopping,
AMAZONUPI@APL,brand,Online Shopping,
AMZN0001656462@APL,brand,Online Shopping,
ANI TECHNOLOGIE,brand,Transport,
ANJALI HOME APP,brand,Home & Furniture,
ANVESHAN,brand,Groceries,
APOLLOHOSPITALSENTERPRISE,brand,Health,
APOLLOPHARMACIESLIMITED,brand,Health,
APOLLOPHARMACY,brand,Health,
APPLE,brand,Subscriptions,
AQUATICA,brand,Entertainment,
BABYHUG,brand,Kids,
BAJAJ FINSERV EMI STORE,brand,EMI & Loans,
BAJAJALLIANZLIFE@HDFCBANK,brand,Insurance,
BAJAJFIN@HDFCBANK,brand,EMI & Loans,
BAJAJFINSERV,brand,EMI & Loans,
BATA INDIA LIMI,brand,Clothing & Footwear,
BBNOW,brand,Groceries,
BBNOW FROM PAYTM BALANCE,brand,Groceries,
BBNOW.EBZ@HDFCBANK,brand,Groceries,
BBNOW@YESBANK,brand,Groceries,
BEING HUMAN CLOTHING @SELECT SHOPPERS STOP STORES,brand,Clothing & Footwear,
BEWAKOOF,brand,Clothing & Footwear,
BEWAKOOF.PAYU@HDFCBANK,brand,Clothing & Footwear,
BEWAKOOF1@PAYTM,brand,Clothing & Footwear,
BHARTIAIRTEL,brand,Bills & Utilities,
BIG BASKET,brand,Groceries,
BIG BAZAAR,brand,Groceries,
BIGBASKE,brand,Groceries,
BIGBASKET FROM PAYTM BALANCE,brand,Groceries,
BIGBASKET.99313006@HDFCBANK,brand,Groceries,
BIGBASKET1@PAYTM,brand,Groceries,
BIGBASKET@AXISBANK,brand,Groceries,
BIGBASKETS@YESBANK,brand,Groceries,
BIKANERV,brand,Food & Dining,
BILLDESK,brand,Bills & Utilities,
BILLDESK-TEZ@ICICI,brand,Bills & Utilities,
BILLDESKPAY,brand,Bills & Utilities,
BILLDESKPG,brand,Bills & Utilities,
BITS PILANI WORK INTEG,brand,Education,
BLACKBERRYS,brand,Clothing & Footwear,
BLINKIT,brand,Groceries,
BLU SMAR,brand,Transport,
BOOKMYSHOW,brand,Entertainment,
BOOKMYSHOW COM,brand,Entertainment,
BOROSIL,brand,Home & Furniture,
BUNNYCAR,brand,Vehicle,
C LOUDNI,brand,Health,
C LOUDNINE,brand,Health,
CABLEBROADBAND-PAYTM@ICICI,brand,Bills & Utilities,
CAFE HID,brand,Food & Dining,
CARAT,brand,Jewellery & Watches,
CARE HEALTH INS,brand,Insurance,
CAREPRO AUTO,brand,Vehicle,
CAREPRO AUTO DE,brand,Vehicle,
CHEMIST,brand,Health,
CHITALEBANDHUMITHAIW,brand,Food & Dining,
CITYFURNISHINDIA,brand,Home & Furniture,
CLOUDNIN,brand,Health,
COPYLINKCOPIERS,brand,Photo & Printing,
CROMA - INFINIT,brand,Electronics,
CROSSWOR,brand,Online Shopping,
CUSTOMERCARE@TATAAIA.COM,brand,Insurance,
DADASTEELANDCROCKERY,brand,Home & Furniture,
DEALKART ONLINE,brand,Online Shopping,
DELIGHTFUL GOURMET PVT LT FROM PAYTM,brand,Groceries,
DELIGHTFULGOURMETPRIVATELTD,brand,Groceries,
DISCOVERY LIQOU,brand,Alcohol,
DISHINFRA@ICICI,brand,Bills & Utilities,
DMART,brand,Groceries,
DOMINOS PIZZA,brand,Food & Dining,
DOMINOSONLINE@ICICI,brand,Food & Dining,
DOMINOSPIZZAONLINE@PAYTM,brand,Food & Dining,
DRPRAX16.RZP@ICICI,brand,Health,
DUNZO,brand,Groceries,
EASY TRIP PLANN,brand,Travel,
EKART@YBL,brand,Online Shopping,
ELECTRONICHOUSE,brand,Electronics,
ELEVEN LABS FOR INR 623,brand,Subscriptions,
EMI 58218262 CHQ S58218262130 012158218262,brand,EMI & Loans,
EMI 58218262 CHQ S58218262131 022158218262,brand,EMI & Loans,
EMI 58218262 CHQ S58218262132 032158218262,brand,EMI & Loans,
EMI 58218262 CHQ S58218262133 042158218262,brand,EMI & Loans,
EMI 58218262 CHQ S58218262134 052158218262,brand,EMI & Loans,
EMI 58218262 CHQ S58218262135 062158218262,brand,EMI & Loans,
EMI 58218262 CHQ S58218262136 072158218262,brand,EMI & Loans,
ESTEE LAUDER B,brand,Personal Care,
ETERNAL LIM,brand,Food & Dining,
EVERYDAY MART,brand,Groceries,
FGH@FUTUREGENERALI.IN,brand,Insurance,
FIRST SHOP ONLI,brand,Online Shopping,
FIRSTCRY,brand,Kids,
FIRSTCRY1@PAYTM,brand,Kids,
FIRSTCRYBABY,brand,Kids,
FIRSTPRINCIPLEAPPSFORBHARATPRIVATELI,brand,Kids,
FITINDIAORGANICPRIVATELIMITED,brand,Groceries,
FKRT@YBL,brand,Online Shopping,
FLIPKART,brand,Online Shopping,
FLIPKART INTERN,brand,Online Shopping,
FLIPKART INTERNET PV,brand,Online Shopping,
FLIPKART.PAYU@HDFCBANK,brand,Online Shopping,
FLIPKARTINTERNE,brand,Online Shopping,
FLPVTECH@YESBANK,brand,Online Shopping,
FNP E,brand,Online Shopping,
FOODIEFY,brand,Food & Dining,
FSN E COMMERCE VENTU FOR RS 13500,brand,Online Shopping,
FURLENCO,brand,Home & Furniture,
FUTURE RETAIL,brand,Groceries,
G K JEWELLERS,brand,Jewellery & Watches,
GANGAR OPTICIAN,brand,Health,
GEETANJALIKIDS,brand,Kids,
GENTS PALACE,brand,Clothing & Footwear,
GITANJALISTUDIO,brand,Photo & Printing,
GODREJ INTERIO,brand,Home & Furniture,
GOINDIGO,brand,Travel,
GOOGLE INDIA DIGITAL SERVICES PVT LTD,brand,Subscriptions,
GOOGLE PLAY FOR INR 110,brand,Subscriptions,
GOOGLE PLAY FOR INR 35,brand,Subscriptions,
GOOGLE PLAY FOR INR 45,brand,Subscriptions,
GROFERS,brand,Groceries,
GROFERS IND,brand,Groceries,
GROFERSINDIA,brand,Groceries,
GROFERSINDIAPRIVATELIMITED,brand,Groceries,
GROFERSINDIAPVTLTD,brand,Groceries,
HAMLEYS,brand,Kids,
HDFCERGOGENERALINSURANCE,brand,Insurance,
HENNES,brand,Clothing & Footwear,
HOME WOR,brand,Home & Furniture,
HOME WORLD,brand,Home & Furniture,
HOTSTAR FROM PAYTM BALANCE,brand,Subscriptions,
HUMANHEALTHENTERPRISE@ICICI,brand,Health,
INDIAN TERRAIN,brand,Clothing & Footwear,
IRCTC,brand,Travel,
IRCTC APP WALLET FROM PAYTM WALLET,brand,Travel,
IRCTC.CF@HDFCBANK,brand,Travel,
JEEVES,brand,Online Shopping,
JIO PREP,brand,Bills & Utilities,
JIO@CITIBANK,brand,Bills & Utilities,
JIO@YESBANK,brand,Bills & Utilities,
JUST FEM,brand,Clothing & Footwear,
JUSTFEMININE,brand,Clothing & Footwear,
KHALSA CLOTH,brand,Clothing & Footwear,
KIDSCLINICINDIAPRIVATELIMITED,brand,Health,
KIERAYAFURNISHINGSOLUTIONSPRIVATELIM,brand,Home & Furniture,
KISANKON,brand,Groceries,
KISANKONNEC,brand,Groceries,
LENSKART,brand,Health,
LENSKART COM,brand,Health,
LIC,brand,Insurance,
LICIOUS,brand,Groceries,
LICIOUS@ABFSPAY,brand,Groceries,
LIFE INSURANCE,brand,Insurance,
LIFE INSURANCE CORPORATION OF INDIA FOR RS 13335,brand,Insurance,
LIFE STY,brand,Clothing & Footwear,
LIFEINCORPOFINDIA@HDFCBANK,brand,Insurance,
LOTUSMULTISPECIALITY,brand,Health,
LOUIS PHILIPPE,brand,Clothing & Footwear,
LTD-ZERODHABROKING@HDFCBANK-HDFC0000523-102008592092-KITE,brand,Investments,
LTD-ZERODHABROKING@HDFCBANK-HDFC0000523-109814875879-KITE,brand,Investments,
LTD-ZERODHABROKING@HDFCBANK-HDFC0000523-118799405882-KITE,brand,Investments,
M S HOTE,brand,Travel,
MAKEMYTRIP INDIA PVT,brand,Travel,
MANAPPURAM JEWE,brand,Jewellery & Watches,
MANAPPURAM RITI JEWELLERY,brand,Jewellery & Watches,
MANIPAL,brand,Health,
MANUSINGHTUTORIAL@OKSBI,brand,Education,
MANYAWAR,brand,Clothing & Footwear,
MC DONALDS,brand,Food & Dining,
MEESHO,brand,Online Shopping,
MENTORSPOOL@ICICI,brand,Education,
METROSHOESLTD,brand,Clothing & Footwear,
MICHAEL KORS,brand,Clothing & Footwear,
MICROSOFT INDIA,brand,Subscriptions,
MINIKLUB,brand,Kids,
MINISO,brand,Online Shopping,
MMTCPAMP@AXISBANK,brand,Investments,
MOHANLAL SONS,brand,Jewellery & Watches,
MONEYCONTROL,brand,Subscriptions,
MS MERITO COLLE,brand,Education,
MYNLOGISTICS@YBL,brand,Clothing & Footwear,
MYNTRA,brand,Clothing & Footwear,
MYNTRA DESIGN,brand,Clothing & Footwear,
MYNTRA DESIGNS,brand,Clothing & Footwear,
MYNTRA DESIGNS PRI INR BANGALORE IND,brand,Clothing & Footwear,
MYNTRA DESIGNS PRIVA,brand,Clothing & Footwear,
MYNTRA DESIGNS PVT,brand,Clothing & Footwear,
MYNTRA DESIGNS PVT L,brand,Clothing & Footwear,
MYNTRA DESIGNS PVT LTD,brand,Clothing & Footwear,
MYNTRA.PAYU@AXISBANK,brand,Clothing & Footwear,
MYNTRA.PAYU@HDFCBANK,brand,Clothing & Footwear,
MYNTRA.PAYU@INDUS,brand,Clothing & Footwear,
NATASHA EYECARE,brand,Health,
NETFLIX,brand,Subscriptions,
NETFLIXUPI,brand,Subscriptions,
NETFLIXUPI.PAYU@HDFCBANK,brand,Subscriptions,
NILKAMAL FURNIT,brand,Home & Furniture,
NOBROKER,brand,Housing,
NORTHBIHARELECTRONIC@ICICI,brand,Electronics,
NPSTRUST,brand,Investments,
O111148134A@MAIRTEL,brand,Bills & Utilities,
OFFER@MANAPPURAM,brand,Jewellery & Watches,
OLA FINA,brand,EMI & Loans,
OLAFINANCIALSERVICESPRIVATELIMITED,brand,EMI & Loans,
ONE CLUB,brand,Online Shopping,
PASSPORTSEVAMOP,brand,Travel,
PAYTM-GROFERS@PAYTM,brand,Groceries,
PAYTM-URBANCLAP PAYTM,brand,Home Services,
PAYTM-URBANCOMPANY@PAYTM,brand,Home Services,
PHOTOGRA,brand,Photo & Printing,
PHOTOLIG,brand,Photo & Printing,
PHULAR HEALTH,brand,Health,
POONAGLASSAGENCIES@OKSBI,brand,Home & Furniture,
PRACTO.PAYU@AXISBANK,brand,Health,
PRINTSTE,brand,Photo & Printing,
RAPIDO,brand,Transport,
RAZORPAY.IRCTC@HDFCBANK,brand,Travel,
RAZORPAY@MAIRTEL,brand,Bills & Utilities,
REL RETAIL LTD,brand,Groceries,
RELIANCE,brand,Groceries,
RELIANCE DIGITA,brand,Electronics,
RELIANCE JEWELS,brand,Jewellery & Watches,
RELIANCE RETAIL,brand,Groceries,
RELIFE COSMTICS,brand,Personal Care,
RETAIL STARHEAL,brand,Insurance,
ROPPEN,brand,Clothing & Footwear,
RUMMY,brand,Entertainment,
SA DOSA,brand,Food & Dining,
SAHYADRI HOSPIT,brand,Health,
SAMITBLUEDARTOKAXIS,brand,Transport,
SCRIBD,brand,Subscriptions,
SHOPPERS STOP L,brand,Clothing & Footwear,
SHOPPERSSTOP,brand,Clothing & Footwear,
SMALLCASETECHNOLOGIESPRIVATELIMITED,brand,Investments,
SPINALOGYCLINIC,brand,Health,
STAR BAZAAR,brand,Groceries,
STAR BAZAAR FROM PAYTM BALANCE,brand,Groceries,
STAR HEALTH AND,brand,Insurance,
STARHEALTH,brand,Insurance,
SWIGGY,brand,Food & Dining,
SWIGGY FROM PAYTM BALANCE,brand,Food & Dining,
SWIGGY INST,brand,Groceries,
SWIGGY INSTAMAR,brand,Groceries,
SWIGGY@YESPAY,brand,Food & Dining,
SWIGGYINSTAMART@YESPAY,brand,Groceries,
SWIGGYSTORES@ICICI,brand,Groceries,
SWIGGYUPI@AXISBANK,brand,Food & Dining,
TAJ WINES,brand,Alcohol,
TATA 1MG,brand,Health,
TATA 1MG HEALTH,brand,Health,
TATA AIA,brand,Insurance,
TATA AIA LIFE,brand,Insurance,
TATA CLI,brand,Online Shopping,
TATA PLA,brand,Bills & Utilities,
TATA PLAY FROM PAYTM BALANCE,brand,Bills & Utilities,
TATA SKY LIMITE,brand,Bills & Utilities,
TATA STA,brand,Food & Dining,
TATA STARBUCKS,brand,Food & Dining,
TATACLIQ,brand,Online Shopping,
TATAPLAY,brand,Bills & Utilities,
TATASKY,brand,Bills & Utilities,
THE BEAU,brand,Personal Care,
THE SOUL,brand,Clothing & Footwear,
THE TOY,brand,Kids,
THE URBAN FOUND,brand,Clothing & Footwear,
THEOBROM,brand,Food & Dining,
THEORGANICCARBON123ESBZ@ICICI,brand,Groceries,
THESOULE,brand,Clothing & Footwear,
THEWOODE6248127,brand,Home & Furniture,
THEWOODE6248127 IN BANGALORE,brand,Home & Furniture,
TIME SELLERS,brand,Online Shopping,
TIMEZONE,brand,Entertainment,
TITAN COMPANY,brand,Jewellery & Watches,
TITAN WORLD,brand,Jewellery & Watches,
TOYCHAMP KERKRADE,brand,Kids,
TP-BAJAJ FINANCE LTD-956756620-11682,brand,EMI & Loans,
TP-BAJAJ FINANCE LTD-956756620-12557,brand,EMI & Loans,
TP-BAJAJ FINANCE LTD-956756620-13007,brand,EMI & Loans,
TP-BAJAJ FINANCE LTD-956756620-13054,brand,EMI & Loans,
TP-BAJAJ FINANCE LTD-956756620-13169,brand,EMI & Loans,
TP-BAJAJ FINANCE LTD-956756620-16125,brand,EMI & Loans,
TP-BAJAJ FINANCE LTD-956756620-17164,brand,EMI & Loans,
TP-BAJAJ FINANCE LTD-956756620-17200,brand,EMI & Loans,
TP-BAJAJ FINANCE LTD-956756620-20596,brand,EMI & Loans,
TP-BAJAJ FINANCE LTD-956756620-3462,brand,EMI & Loans,
TP-BAJAJ FINANCE LTD-956756620-847,brand,EMI & Loans,
TRENDS,brand,Clothing & Footwear,
TRENT,brand,Clothing & Footwear,
UBER FROM PAYTM BALANCE,brand,Transport,
UBERRIDES@HDFCBANK,brand,Transport,
UPI-LIC BILLDESK-LIC,brand,Bills & Utilities,
UPISWIGGY@ICICI,brand,Food & Dining,
UPSTOXSEC20,brand,Investments,
UPSTOXSEC20@AXISBANK,brand,Investments,
UPSTOXSEC20@ICICI,brand,Investments,
UPSTOXSEC@HDFCBANK,brand,Investments,
URBAN COMPANY BY 84XXXX7261,brand,Home Services,
URBAN COMPANY FROM PAYTM BALANCE,brand,Home Services,
URBAN STYLE,brand,Clothing & Footwear,
URBANCLAP,brand,Home Services,
URBANCOM,brand,Home Services,
URBANCOMPANY,brand,Home Services,
VAN DER VALK HOTEL HEE,brand,Travel,
VFS GLOB,brand,Travel,
VIVANTA,brand,Travel,
VMVICARE,brand,Health,
VODAFONE IDEA LIMITE,brand,Bills & Utilities,
VPA AMAZON,brand,Online Shopping,
VPA APPLESERVICES,brand,Subscriptions,
VPA ASTROTALK2,brand,Entertainment,
VPA BBNOW,brand,Groceries,
VPA BLINKIT,brand,Groceries,
VPA EBZ,brand,Groceries,
VPA GPAYBILLPAY@AXISBANK,brand,Bills & Utilities,
VPA IRCTC,brand,Travel,
VPA MYNTRA@YESPAY,brand,Clothing & Footwear,
VPA PAYTM-BLINKIT@PTYBL,brand,Groceries,
VPA PLAYSTORE1,brand,Subscriptions,
VPA POWERACCESS,brand,Bills & Utilities,
VPA SWIGGYSTORES@ICICI,brand,Groceries,
VPA THESOULEDSTORE,brand,Clothing & Footwear,
WAKEFIT INNOVAT,brand,Home & Furniture,
WEDDIE,brand,Clothing & Footwear,
WESTSIDE,brand,Clothing & Footwear,
WOMENS ERA,brand,Subscriptions,
WWW AIRT,brand,Bills & Utilities,
WWW BIGBASKET,brand,Groceries,
WWW BIGBASKET COM,brand,Groceries,
WWW GODREJPROPE,brand,Housing,
WWW MYNT,brand,Clothing & Footwear,
WWW TATA,brand,Online Shopping,
WWWWAKEF5063886 24M,brand,Home & Furniture,
XXXXXXXXXX7352- RD INSTALLMENT-APR 2021,brand,Investments,
XXXXXXXXXX7352- RD INSTALLMENT-FEB 2021,brand,Investments,
XXXXXXXXXX7352- RD INSTALLMENT-JAN 2021,brand,Investments,
XXXXXXXXXX7352- RD INSTALLMENT-JUL 2021,brand,Investments,
XXXXXXXXXX7352- RD INSTALLMENT-JUN 2021,brand,Investments,
YUMRESTAURANTINDIA,brand,Food & Dining,
ZENITH AUTO SER,brand,Vehicle,
ZEPTO,brand,Groceries,
ZERMCX@HDFCBANK,brand,Investments,
ZERODHA,brand,Investments,
ZERODHABROKING@HDFCBANK,brand,Investments,
ZERODHABROKINGSIGNUP@HDFCBANK,brand,Investments,
ZOMATO,brand,Food & Dining,
ZOMATO LTD,brand,Food & Dining,
ZOMATO MEDIA PRIVATE L,brand,Food & Dining,
ZOMATO PRIVATE,brand,Food & Dining,
ZOMATO-ORDER@PAYTM,brand,Food & Dining,
ZOMATO1,brand,Food & Dining,
ZOMATO@HDFCBANK,brand,Food & Dining,
ZOMATOINDIA@ICICI,brand,Food & Dining,
ZOMATOONLINEORDER,brand,Food & Dining,
ZOMATOORDER1,brand,Food & Dining,
ATM CASH WITHDRAWAL,cash,Cash,
CRED,cc_payment,Credit Card Payment,
CREDCC@YESBANK,cc_payment,Credit Card Payment,
CREDCLUB@ICICI,cc_payment,Credit Card Payment,
CREDPAY,cc_payment,Credit Card Payment,
CREDPAYS,cc_payment,Credit Card Payment,
DREAMPLUG PAYTE,cc_payment,Credit Card Payment,
DREAMPLUG TECHN,cc_payment,Credit Card Payment,
PAYTM CREDIT CARD BILL,cc_payment,Credit Card Payment,
YOUR AXIS BANK CREDIT CARD XX1852,cc_payment,Credit Card Payment,
YOUR CREDIT CARD ENDING,cc_payment,Credit Card Payment,
YOUR CREDIT CARD ENDING 5569 THROUGH,cc_payment,Credit Card Payment,
YOUR ICICI BANK CREDIT CARD XX1014,cc_payment,Credit Card Payment,
YOUR ICICI BANK CREDIT CARD XX2005,cc_payment,Credit Card Payment,
YOUR ICICI BANK CREDIT CARD XX2013,cc_payment,Credit Card Payment,
YOUR PLUXEE CARD XX0789,cc_payment,Credit Card Payment,
KRITIKA,family,Family Transfer,
KRITIKAIT09 OKICICI-ICIC0000564-106823240378-UPI,family,Family Transfer,
KRITIKAIT09-1 OKICICI-ICIC0000032-106008444578-UPI,family,Family Transfer,
KRITIKAIT09-1@OKICICI,family,Family Transfer,
KRITIKAIT09-1OKICICI-ICIC0000032-107100121927-HOLI,family,Family Transfer,
KRITIKAIT09-1OKICICI-ICIC0000032-109115490386-UPI,family,Family Transfer,
KRITIKAIT09@OKICICI,family,Family Transfer,
UPI-KRITIKA-KRITIKAIT09-1@OKICICI-ICIC0000032-106008410823-UPI.AVL,family,Family Transfer,
UPI-KRITIKA-KRITIKAIT09-1@OKICICI-ICIC0000032-106008414068-UPI.AVL,family,Family Transfer,
UPI-KRITIKA-KRITIKAIT09-1@OKICICI-ICIC0000032-106610499923-UPI.AVL,family,Family Transfer,
UPI-KRITIKA-KRITIKAIT09-1@OKICICI-ICIC0000032-107209060958-UPI,family,Family Transfer,
UPI-KRITIKA-KRITIKAIT09-1@OKICICI-ICIC0000032-118488163399-TICKETS,family,Family Transfer,
UPI-KRITIKA-KRITIKAIT09-1@OKICICI-ICIC0000032-121104595071-LIC.AVL,family,Family Transfer,
UPI-KRITIKA-KRITIKAIT09-1@OKICICI-ICIC0000032-121104600334-LIC.AVL,family,Family Transfer,
UPI-KRITIKA-KRITIKAIT09-1@OKICICI-ICIC0000032-126615542285-NPS.AVL,family,Family Transfer,
UPI-KRITIKA-KRITIKAIT09-1@OKICICI-ICIC0000032-126615548125-NPS.AVL,family,Family Transfer,
UPI-KRITIKA-KRITIKAIT09-1@OKICICI-ICIC0000032-126839321635-MUM.AVL,family,Family Transfer,
UPI-KRITIKA-KRITIKAIT09-1@OKICICI-ICIC0000032-127067473566-BADEPAPARANCHI.AVL,family,Family Transfer,
UPI-KRITIKA-KRITIKAIT09-1@OKICICI-ICIC0000032-127661454442-MYNTRA.AVL,family,Family Transfer,
UPI-KRITIKA-KRITIKAIT09-1@OKICICI-ICIC0000032-127998202160-MUMATM.AVL,family,Family Transfer,
UPI-KRITIKA-KRITIKAIT09-1@OKICICI-ICIC0000032-132440528344-UPI.AVL,family,Family Transfer,
UPI-KRITIKA-KRITIKAIT09-1@OKICICI-ICIC0000032-133138917525-UPI.AVL,family,Family Transfer,
UPI-KRITIKA-KRITIKAIT09-1@OKICICI-ICIC0000032-134072569635-GURIYAEARTOPS.AVL,family,Family Transfer,
UPI-KRITIKA-KRITIKAIT09-1@OKICICI-ICIC0000032-211655130357-BED.AVL,family,Family Transfer,
UPI-KRITIKA-KRITIKAIT09-1@OKICICI-ICIC0000032-228584716763-LOAN.AVL,family,Family Transfer,
UPI-KRITIKA-KRITIKAIT09-1@OKICICI-ICIC0000032-231275998513-UPI.AVL,family,Family Transfer,
UPI-KRITIKA-KRITIKAIT09-1@OKICICI-ICIC0000032-233861538952-UPI.AVL,family,Family Transfer,
UPI-KRITIKA-KRITIKAIT09-1@OKICICI-ICIC0000032-306846499828-UPI.AVL,family,Family Transfer,
UPI-KRITIKA-KRITIKAIT09-1@OKICICI-ICIC0000032-316702555923-PRAMILACOOK.AVL,family,Family Transfer,
UPI-KRITIKA-KRITIKAIT09-1@OKICICI-ICIC0000032-348425847267-MUMMYBIMMI.AVL,family,Family Transfer,
UPI-KRITIKA-KRITIKAIT09-1@OKICICI-ICIC0000032-359456666952-CAR.AVL,family,Family Transfer,
UPI-KRITIKA-KRITIKAIT09@OKICICI-ICIC0000564-034419029463-MUMMY.AVL,family,Family Transfer,
UPI-KRITIKA-KRITIKAIT09@OKICICI-ICIC0000564-034817442968-MUMMY.AVL,family,Family Transfer,
UPI-KRITIKA-KRITIKAIT09@OKICICI-ICIC0000564-034909345737-MUMMY.AVL,family,Family Transfer,
UPI-KRITIKA-KRITIKAIT09@OKICICI-ICIC0000564-035021130124-MUMMY.AVL,family,Family Transfer,
UPI-KRITIKA-KRITIKAIT09@OKICICI-ICIC0000564-036008128593-MUM.AVL,family,Family Transfer,
UPI-KRITIKA-KRITIKAIT09@OKICICI-ICIC0000564-103613117094-MUMMY.AVL,family,Family Transfer,
UPI-KRITIKA-KRITIKAIT09@OKICICI-ICIC0000564-116696512804-UPI.AVL,family,Family Transfer,
UPI-KRITIKA-KRITIKAIT09@OKICICI-ICIC0000564-117031188833-UPI,family,Family Transfer,
UPI-KRITIKA-KRITIKAIT09@OKICICI-ICIC0000564-120535639606-UPI.AVL,family,Family Transfer,
UPI-KRITIKA-KRITIKAIT09@OKICICI-ICIC0000564-120644678142-MAA.AVL,family,Family Transfer,
UPI-KRITIKA-KRITIKAIT09@OKICICI-ICIC0000564-121906860854-TEST.AVL,family,Family Transfer,
UPI-KRITIKA-KRITIKAIT09@OKICICI-ICIC0000564-126959334539-UPI.AVL,family,Family Transfer,
UPI-KRITIKA-KRITIKAIT09@OKICICI-ICIC0000564-127769516953-MUMMY.AVL,family,Family Transfer,
UPI-KRITIKA-KRITIKAIT09@OKICICI-ICIC0000564-129051036465-AC.AVL,family,Family Transfer,
UPI-KRITIKA-KRITIKAIT09@OKICICI-ICIC0000564-129051040242-UPI.AVL,family,Family Transfer,
UPI-KRITIKA-KRITIKAIT09@OKICICI-ICIC0000564-135257407591-GHEEDHARI.AVL,family,Family Transfer,
UPI-KRITIKA-KRITIKAIT09@OKICICI-ICIC0000564-135626694426-CASHWITHDRAWAL4MUM.AVL,family,Family Transfer,
UPI-KRITIKA-KRITIKAIT09@OKICICI-ICIC0000564-202407613933-TOWITHDRAW4MUMMY.AVL,family,Family Transfer,
UPI-KRITIKA-KRITIKAIT09@OKICICI-ICIC0000564-223195667891-LIC3.AVL,family,Family Transfer,
UPI-KRITIKA-KRITIKAIT09@OKICICI-ICIC0000564-231590919057-CHASMA.AVL,family,Family Transfer,
UPI-KRITIKA-KRITIKAIT09@OKICICI-ICIC0000564-231774881614-CASHWITHDRAWAL.AVL,family,Family Transfer,
UPI-KRITIKA-KRITIKAIT09@OKICICI-ICIC0000564-313932664691-MUMMYCASH.AVL,family,Family Transfer,
UPI-KRITIKA-KRITIKAIT09@OKICICI-ICIC0000564-314106048381-CASHWITHDRAWAL.AVL,family,Family Transfer,
UPI-KRITIKA-KRITIKAIT09@OKICICI-ICIC0000564-343764601269-UPI.AVL,family,Family Transfer,
UPI-KRITIKA-KRITIKAIT09@OKICICI-ICIC0000564-350555876416-FOR,family,Family Transfer,
UPI-KRITIKA-KRITIKAIT09@OKICICI-ICIC0000564-351040455750-CASHWITHDRAWAL.AVL,family,Family Transfer,
VPA KRITIKAIT09-1@OKICICI,family,Family Transfer,
VPA KRITIKAIT09@OKICICI,family,Family Transfer,
BANK CHARGES,fees,Fees & Charges,
6200663625-1@OKBIZAXIS,gateway,Uncategorized,
7841975661@OKBIZAXIS,gateway,Uncategorized,
8271619202@OKBIZAXIS,gateway,Uncategorized,
8329744868@OKBIZAXIS,gateway,Uncategorized,
8969173001@AXL,gateway,Uncategorized,
8975211212@AXL,gateway,Uncategorized,
8975964001OKBIZAXIS,gateway,Uncategorized,
9049743320@OKBIZAXIS,gateway,Uncategorized,
9130506050 OKBIZAXIS,gateway,Uncategorized,
9162260882@AXL,gateway,Uncategorized,
9284174008@AXL,gateway,Uncategorized,
9307408609@OKBIZAXIS,gateway,Uncategorized,
9430527701@OKBIZAXIS,gateway,Uncategorized,
9503330395@OKBIZICICI,gateway,Uncategorized,
9730231911@OKBIZAXIS,gateway,Uncategorized,
9834059426@OKBIZAXIS,gateway,Uncategorized,
9881902128@PZ,gateway,Uncategorized,
9940350339@OKBIZAXIS,gateway,Uncategorized,
AMRUTASALUNKE257@AXL,gateway,Uncategorized,
BHARATPE,gateway,Uncategorized,
BHARATPE09892827304@YESBANKLTD,gateway,Uncategorized,
BHARATPE09897180265@YESBANKLTD,gateway,Uncategorized,
BHARATPE09897943720@YESBANKLTD,gateway,Uncategorized,
BHARATPE09900302811@YESBANKLTD,gateway,Uncategorized,
BHARATPE90720029585@YESBANKLTD,gateway,Uncategorized,
BHARATPE90721857025@YESBANKLTD,gateway,Uncategorized,
BHARATPE90722625415@YESBANKLTD,gateway,Uncategorized,
BHARATPE90723844186@YESBANKLTD,gateway,Uncategorized,
BHARATPE90723862544@YESBANKLTD,gateway,Uncategorized,
BHARATPE90726285151@YESBANKLTD,gateway,Uncategorized,
BHARATPE90726678844@YESBANKLTD,gateway,Uncategorized,
BHARATPE90726704265@YESBANKLTD,gateway,Uncategorized,
BHARATPE90726911059@YESBANKLTD,gateway,Uncategorized,
BHARATPE907720033838@YESBANKLTD,gateway,Uncategorized,
BPIPAYTM,gateway,Uncategorized,
CASHFREE,gateway,Uncategorized,
CCAVENUE FROM PAYTM BALANCE,gateway,Uncategorized,
EASEBUZZ,gateway,Uncategorized,
EURONETGPAY,gateway,Uncategorized,
GOOG-PAYMENT@OKAXIS,gateway,Uncategorized,
GOOG-PAYMENTS@AXISBANK,gateway,Uncategorized,
GOOGLE,gateway,Uncategorized,
GOOGLEPAY@AXISBANK,gateway,Uncategorized,
GPAY-11165439171@OKBIZAXIS,gateway,Uncategorized,
GPAY-11166012109OKBIZAXIS,gateway,Uncategorized,
GPAY-11171140065@OKBIZAXIS,gateway,Uncategorized,
GPAY-11172423504@OKBIZAXIS,gateway,Uncategorized,
GPAY-11172659381@OKBIZAXIS,gateway,Uncategorized,
GPAY-11174367088@OKBIZAXIS,gateway,Uncategorized,
GPAY-11174895168@OKBIZAXIS,gateway,Uncategorized,
GPAY-11174895782@OKBIZAXIS,gateway,Uncategorized,
GPAY-11176823252@OKBIZAXIS,gateway,Uncategorized,
GPAY-11176836193@OKBIZAXIS,gateway,Uncategorized,
GPAY-11178435249@OKBIZAXIS,gateway,Uncategorized,
GPAY-11179728536@OKBIZAXIS,gateway,Uncategorized,
GPAY-11180320894@OKBIZAXIS,gateway,Uncategorized,
GPAY-11183609322@OKBIZAXIS,gateway,Uncategorized,
GPAY-11183614631@OKBIZAXIS,gateway,Uncategorized,
GPAY-11183664997@OKBIZAXIS,gateway,Uncategorized,
GPAY-11184105159@OKBIZAXIS,gateway,Uncategorized,
GPAY-11184173263@OKBIZAXIS,gateway,Uncategorized,
GPAY-11184173334@OKBIZAXIS,gateway,Uncategorized,
GPAY-11191401835@OKBIZAXIS,gateway,Uncategorized,
GPAY-11191401869@OKBIZAXIS,gateway,Uncategorized,
GPAY-11193465048@OKBIZAXIS,gateway,Uncategorized,
GPAY-11193465087@OKBIZAXIS,gateway,Uncategorized,
GPAY-11193465133@OKBIZAXIS,gateway,Uncategorized,
GPAY-11198185587@OKBIZAXIS,gateway,Uncategorized,
GPAY-11209918141@OKBIZAXIS,gateway,Uncategorized,
GPAY-11214004194@OKBIZAXIS,gateway,Uncategorized,
ICICIMER,gateway,Uncategorized,
INSTAMOJO,gateway,Uncategorized,
JDIPAYTM,gateway,Uncategorized,
JKIPAYTM,gateway,Uncategorized,
MSWIPE,gateway,Uncategorized,
ONE 97 COMMUNICATIONS LIMITED,gateway,Uncategorized,
ONE 97 COMMUNICATIONS LIMITED FOR RS 12900,gateway,Uncategorized,
ONE97,gateway,Uncategorized,
ONE97 COMMUNICA,gateway,Uncategorized,
ONE97COMMUNICAT,gateway,Uncategorized,
PAY9028790543@PAYTM,gateway,Uncategorized,
PAYBIL3066@PAYTM,gateway,Uncategorized,
PAYOUTS-8725913@PAYTM,gateway,Uncategorized,
PAYTM,gateway,Uncategorized,
PAYTM-1425436@PAYTM,gateway,Uncategorized,
PAYTM-15394486@PAYTM,gateway,Uncategorized,
PAYTM-21589025@PAYTM,gateway,Uncategorized,
PAYTM-56505013@PAYTM,gateway,Uncategorized,
PAYTM-56742221@PAYTM,gateway,Uncategorized,
PAYTM-60628583@PAYTM,gateway,Uncategorized,
PAYTM-62896523@PAYTM,gateway,Uncategorized,
PAYTM-64646105@PAYTM,gateway,Uncategorized,
PAYTM-65007389@PAYTM,gateway,Uncategorized,
PAYTM-651536@PAYTM,gateway,Uncategorized,
PAYTM-70258461@PAYTM,gateway,Uncategorized,
PAYTM-70813733@PAYTM,gateway,Uncategorized,
PAYTM-840246@PAYTM,gateway,Uncategorized,
PAYTM-8735485@PAYTM,gateway,Uncategorized,
PAYTMQR116712CIHB@PAYTM,gateway,Uncategorized,
PAYTMQR17QU6HHIC5@PAYTM,gateway,Uncategorized,
PAYTMQR1COG4WO4NF@PAYTM,gateway,Uncategorized,
PAYTMQR1E6MAK267L@PAYTM,gateway,Uncategorized,
PAYTMQR2810050501010LJYB4FNCQSD@PAYT,gateway,Uncategorized,
PAYTMQR28100505010110BCUJWS71QT@PAYT,gateway,Uncategorized,
PAYTMQR28100505010111AQKIZBL1M8@PAYT,gateway,Uncategorized,
PAYTMQR28100505010111FRJHO90OIY@PAYT,gateway,Uncategorized,
PAYTMQR28100505010111NCTDOSJVCE@PAYT,gateway,Uncategorized,
PAYTMQR28100505010112EFA357G4DT@PAYT,gateway,Uncategorized,
PAYTMQR28100505010112T69W2RNC2X@PAYT,gateway,Uncategorized,
PAYTMQR28100505010112YWVKJ8YTQZ@PAYTM,gateway,Uncategorized,
PAYTMQR28100505010113QGTXGTEDCZ@PAYT,gateway,Uncategorized,
PAYTMQR2810050501011411UT798BE4@PAYT,gateway,Uncategorized,
PAYTMQR28100505010114EV2WUC3W2E@PAYT,gateway,Uncategorized,
PAYTMQR28100505010114EV2WUC3W2E@PAYTM,gateway,Uncategorized,
PAYTMQR28100505010114NQ6MW099ND@PAYT,gateway,Uncategorized,
PAYTMQR28100505010114YIFVRGPDMI@PAYT,gateway,Uncategorized,
PAYTMQR281005050101157C4BNOZG1N@PAYT,gateway,Uncategorized,
PAYTMQR28100505010115LNLTQ9GRH4@PAYT,gateway,Uncategorized,
PAYTMQR28100505010115RSTQA8PG5O@PAYT,gateway,Uncategorized,
PAYTMQR28100505010115W6290JQDF8@PAYT,gateway,Uncategorized,
PAYTMQR28100505010116NETJNAXOSZ@PAYT,gateway,Uncategorized,
PAYTMQR28100505010117UE4QOM4PW2@PAYT,gateway,Uncategorized,
PAYTMQR28100505010118FAC8EAWKNJ@PAYT,gateway,Uncategorized,
PAYTMQR28100505010118JXQJW9KD69@PAYT,gateway,Uncategorized,
PAYTMQR28100505010118OSBNVCAJJC@PAYT,gateway,Uncategorized,
PAYTMQR28100505010119UDAMCX95TO@PAYT,gateway,Uncategorized,
PAYTMQR2810050501011A1IUNZGBXQ8@PAYT,gateway,Uncategorized,
PAYTMQR2810050501011AYV8EX6P9EP@PAYT,gateway,Uncategorized,
PAYTMQR2810050501011CMA778Q4W6U@PAYT,gateway,Uncategorized,
PAYTMQR2810050501011DFG2UUU4P5L@PAYT,gateway,Uncategorized,
PAYTMQR2810050501011F1QUX0H0ODN@PAYT,gateway,Uncategorized,
PAYTMQR2810050501011F626IEHSSMS@PAYT,gateway,Uncategorized,
PAYTMQR2810050501011G9VGC3B91MN@PAYT,gateway,Uncategorized,
PAYTMQR2810050501011GH032O0QMIR@PAYT,gateway,Uncategorized,
PAYTMQR2810050501011GNZNN4KQGR8@PAYT,gateway,Uncategorized,
PAYTMQR2810050501011H5SCY097LRV@PAYT,gateway,Uncategorized,
PAYTMQR2810050501011HC80YI6DYT9@PAYT,gateway,Uncategorized,
PAYTMQR2810050501011HV0B4ZZ5IMV@PAYT,gateway,Uncategorized,
PAYTMQR2810050501011HXLPT21R48E@PAYT,gateway,Uncategorized,
PAYTMQR2810050501011JHC0JUQAIQI@PAYT,gateway,Uncategorized,
PAYTMQR2810050501011JUDYIU6LR79@PAYT,gateway,Uncategorized,
PAYTMQR2810050501011K6F99RULUN1@PAYT,gateway,Uncategorized,
PAYTMQR2810050501011KLVB21K1XTE@PAYT,gateway,Uncategorized,
PAYTMQR2810050501011KYAE10VK022@PAYT,gateway,Uncategorized,
PAYTMQR2810050501011LTI5JXV5T67@PAYT,gateway,Uncategorized,
PAYTMQR2810050501011MLG3IXI13Z1@PAYT,gateway,Uncategorized,
PAYTMQR2810050501011O9IOI5F3MZY@PAYT,gateway,Uncategorized,
PAYTMQR2810050501011O9IOI5F3MZY@PAYTM,gateway,Uncategorized,
PAYTMQR2810050501011OUVAPGGC8R5@PAYT,gateway,Uncategorized,
PAYTMQR2810050501011PKPRQJERM77@PAYT,gateway,Uncategorized,
PAYTMQR2810050501011PM2XGP9HW68@PAYT,gateway,Uncategorized,
PAYTMQR2810050501011PRN4JAHR7NN@PAYT,gateway,Uncategorized,
PAYTMQR2810050501011QBUMCRIFBQL@PAYT,gateway,Uncategorized,
PAYTMQR2810050501011QGVVOENPH0C@PAYT,gateway,Uncategorized,
PAYTMQR2810050501011QJUH1UTO1FO@PAYT,gateway,Uncategorized,
PAYTMQR2810050501011QJUH1UTO1FO@PAYTM,gateway,Uncategorized,
PAYTMQR2810050501011QX8EZZETLUM@PAYT,gateway,Uncategorized,
PAYTMQR2810050501011R689C3A1SGX@PAYT,gateway,Uncategorized,
PAYTMQR2810050501011RYXQYHXTHVV@PAYT,gateway,Uncategorized,
PAYTMQR2810050501011SZUSXGRIDAN@PAYT,gateway,Uncategorized,
PAYTMQR2810050501011T0LCKENWLFW@PAYT,gateway,Uncategorized,
PAYTMQR2810050501011T1SFE6Y3HZW@PAYT,gateway,Uncategorized,
PAYTMQR2810050501011TVFISQ22AX5@PAYT,gateway,Uncategorized,
PAYTMQR2810050501011TYNPRT0M8T9@PAYT,gateway,Uncategorized,
PAYTMQR2810050501011URZKYBPMCLR@PAYT,gateway,Uncategorized,
PAYTMQR2810050501011V8BL6QM3P4T@PAYT,gateway,Uncategorized,
PAYTMQR2810050501011W5EHVV3YVT5@PAYT,gateway,Uncategorized,
PAYTMQR2810050501011W6Q4ZW2CXRGPAYTM,gateway,Uncategorized,
PAYTMQR2810050501011WCKK1ECHQ7Y@PAYT,gateway,Uncategorized,
PAYTMQR2810050501011WCKK1ECHQ7YPAYTM,gateway,Uncategorized,
PAYTMQR2810050501011XBBYULTH7XG@PAYT,gateway,Uncategorized,
PAYTMQR2810050501011XFZ95G9R8GH@PAYT,gateway,Uncategorized,
PAYTMQR2810050501012F1GOR1C1PEH@PAYT,gateway,Uncategorized,
PAYTMQR2810050501013551J0XDGPEK@PAYT,gateway,Uncategorized,
PAYTMQR2810050501014RMDYJ46DV7Q@PAYT,gateway,Uncategorized,
PAYTMQR2810050501015HZQB0K65Y2P@PAYT,gateway,Uncategorized,
PAYTMQR2810050501015I01TBMM2M1Y@PAYT,gateway,Uncategorized,
PAYTMQR2810050501015JP5L8OG09CS@PAYT,gateway,Uncategorized,
PAYTMQR2810050501015SDSIP9O5C2Q@PAYT,gateway,Uncategorized,
PAYTMQR28100505010173C6ADU9ZXMQ@PAYT,gateway,Uncategorized,
PAYTMQR281005050101ABPZEDT5ZRM0@PAYT,gateway,Uncategorized,
PAYTMQR281005050101ATG2WKZ11RHC@PAYT,gateway,Uncategorized,
PAYTMQR281005050101C2AMIDJMDG31@PAYT,gateway,Uncategorized,
PAYTMQR281005050101CDE8J5LE3WPI@PAYT,gateway,Uncategorized,
PAYTMQR281005050101CGB05VXVFO2X@PAYT,gateway,Uncategorized,
PAYTMQR281005050101CGB05VXVFO2XPAYTM,gateway,Uncategorized,
PAYTMQR281005050101CGWJMXO0T5B5@PAYT,gateway,Uncategorized,
PAYTMQR281005050101DIZVG5YLJHBT@PAYT,gateway,Uncategorized,
PAYTMQR281005050101E0IG43X3YXQB@PAYT,gateway,Uncategorized,
PAYTMQR281005050101FJ3LHPJYHIOB@PAYT,gateway,Uncategorized,
PAYTMQR281005050101H4GAOM2LRG5Y@PAYT,gateway,Uncategorized,
PAYTMQR281005050101HLTDWTDPF6GM@PAYT,gateway,Uncategorized,
PAYTMQR281005050101IMLY44IF9KBB@PAYT,gateway,Uncategorized,
PAYTMQR281005050101JCPBAO2BQ2U7@PAYT,gateway,Uncategorized,
PAYTMQR281005050101JECQ4OIMXGDM@PAYT,gateway,Uncategorized,
PAYTMQR281005050101LTUBIWKGNNAH@PAYT,gateway,Uncategorized,
PAYTMQR281005050101NFJ47I1R3DC8@PAYT,gateway,Uncategorized,
PAYTMQR281005050101OECZ3J13Z7GI@PAYT,gateway,Uncategorized,
PAYTMQR281005050101OECZ3J13Z7GIPAYTM,gateway,Uncategorized,
PAYTMQR281005050101OFVYYDIUF51S@PAYT,gateway,Uncategorized,
PAYTMQR281005050101PAP27WGTYOMKPAYTM,gateway,Uncategorized,
PAYTMQR281005050101T32049VG9XDA@PAYT,gateway,Uncategorized,
PAYTMQR281005050101TBCQ9UBLGNUY@PAYT,gateway,Uncategorized,
PAYTMQR281005050101TD4OTJT527I5@PAYT,gateway,Uncategorized,
PAYTMQR281005050101TVA5YSQ56775@PAYT,gateway,Uncategorized,
PAYTMQR281005050101U1HE7V5GFXPU@PAYT,gateway,Uncategorized,
PAYTMQR281005050101UIKGHTQY8OP3@PAYT,gateway,Uncategorized,
PAYTMQR281005050101UJPUDZPS29AY@PAYT,gateway,Uncategorized,
PAYTMQR281005050101VDKD1NIUSO0D@PAYT,gateway,Uncategorized,
PAYTMQR281005050101VMJF3F93YUO1@PAYT,gateway,Uncategorized,
PAYTMQR281005050101WNPOV35O5T8O@PAYT,gateway,Uncategorized,
PAYTMQR281005050101WYP1WLDSHCPT@PAYT,gateway,Uncategorized,
PAYTMQR281005050101XCO8ODYXR880@PAYT,gateway,Uncategorized,
PAYTMQR281005050101YED726HERT50@PAYT,gateway,Uncategorized,
PAYTMQR281005050101ZYG1UWOBCN98@PAYT,gateway,Uncategorized,
PAYTMQRBTDLHIQQ5J@PAYTM,gateway,Uncategorized,
PAYTMQRWD1C7YILGZ@PAYTM,gateway,Uncategorized,
PAYU PAYMENTS,gateway,Uncategorized,
PAYU-RETAIL,gateway,Uncategorized,
PG.RAZORPAY@AXISBANK,gateway,Uncategorized,
PHONEPEMERCHANT@YESBANK,gateway,Uncategorized,
PQR.EE5RZ5I@PTYES,gateway,Uncategorized,
Q004683602@YBL,gateway,Uncategorized,
Q01294546@YBL,gateway,Uncategorized,
Q030810713@YBL,gateway,Uncategorized,
Q055834694@YBL,gateway,Uncategorized,
Q06897537@YBL,gateway,Uncategorized,
Q098541610@YBL,gateway,Uncategorized,
Q100088741@YBL,gateway,Uncategorized,
Q102815495@YBL,gateway,Uncategorized,
Q108469520@YBL,gateway,Uncategorized,
Q112711094@YBL,gateway,Uncategorized,
Q121492283@YBL,gateway,Uncategorized,
Q132150509@YBL,gateway,Uncategorized,
Q145335263@YBL,gateway,Uncategorized,
Q150202223@YBL,gateway,Uncategorized,
Q183980750@YBL,gateway,Uncategorized,
Q184640532@YBL,gateway,Uncategorized,
Q19620235@YBL,gateway,Uncategorized,
Q211430388@YBL,gateway,Uncategorized,
Q215070394@YBL,gateway,Uncategorized,
Q236698762@YBL,gateway,Uncategorized,
Q24798110@YBL,gateway,Uncategorized,
Q261627139@YBL,gateway,Uncategorized,
Q290025659@YBL,gateway,Uncategorized,
Q30489797@YBL,gateway,Uncategorized,
Q310733546@YBL,gateway,Uncategorized,
Q31421244@YBL,gateway,Uncategorized,
Q314514160@YBL,gateway,Uncategorized,
Q331950799@YBL,gateway,Uncategorized,
Q33815605@YBL,gateway,Uncategorized,
Q340795826@YBL,gateway,Uncategorized,
Q35237127@YBL,gateway,Uncategorized,
Q387160891@YBL,gateway,Uncategorized,
Q40455623@YBL,gateway,Uncategorized,
Q409148837@YBL,gateway,Uncategorized,
Q42201788@YBL,gateway,Uncategorized,
Q437918377@YBL,gateway,Uncategorized,
Q43885835@YBL,gateway,Uncategorized,
Q439699915@YBL,gateway,Uncategorized,
Q445049389@YBL,gateway,Uncategorized,
Q450726200@YBL,gateway,Uncategorized,
Q465028879@YBL,gateway,Uncategorized,
Q466266857@YBL,gateway,Uncategorized,
Q487004399@YBL,gateway,Uncategorized,
Q494340783@YBL,gateway,Uncategorized,
Q495092891@YBL,gateway,Uncategorized,
Q50386664@YBL,gateway,Uncategorized,
Q50741140YBL,gateway,Uncategorized,
Q50850487@YBL,gateway,Uncategorized,
Q51014071@YBL,gateway,Uncategorized,
Q516555144@YBL,gateway,Uncategorized,
Q544887855@YBL,gateway,Uncategorized,
Q54828962@YBL,gateway,Uncategorized,
Q549743470@YBL,gateway,Uncategorized,
Q554470098@YBL,gateway,Uncategorized,
Q554550983@YBL,gateway,Uncategorized,
Q556986515@YBL,gateway,Uncategorized,
Q564807258@YBL,gateway,Uncategorized,
Q567760177@YBL,gateway,Uncategorized,
Q57267912@YBL,gateway,Uncategorized,
Q580159518@YBL,gateway,Uncategorized,
Q59763708@YBL,gateway,Uncategorized,
Q608301197@YBL,gateway,Uncategorized,
Q620765343@YBL,gateway,Uncategorized,
Q69049585@YBL,gateway,Uncategorized,
Q709434342@YBL,gateway,Uncategorized,
Q71590045@YBL,gateway,Uncategorized,
Q729468347@YBL,gateway,Uncategorized,
Q737806081@YBL,gateway,Uncategorized,
Q74154592@YBL,gateway,Uncategorized,
Q751126579@YBL,gateway,Uncategorized,
Q751731194@YBL,gateway,Uncategorized,
Q76474181@YBL,gateway,Uncategorized,
Q76603766@YBL,gateway,Uncategorized,
Q773032559@YBL,gateway,Uncategorized,
Q773222985@YBL,gateway,Uncategorized,
Q797835226@YBL,gateway,Uncategorized,
Q83245573@YBL,gateway,Uncategorized,
Q843584013@YBL,gateway,Uncategorized,
Q853315997@YBL,gateway,Uncategorized,
Q902947416@YBL,gateway,Uncategorized,
Q903371814@YBL,gateway,Uncategorized,
Q915295154@YBL,gateway,Uncategorized,
Q982905247@YBL,gateway,Uncategorized,
Q983515173@YBL,gateway,Uncategorized,
RAZORPAY,gateway,Uncategorized,
RAZORPAY.PAYOUTS@YESBANK,gateway,Uncategorized,
RAZORPAY@ICICI,gateway,Uncategorized,
RAZORPAYBQR@ICICI,gateway,Uncategorized,
UDUUOCVP@YESBANK,gateway,Uncategorized,
UPI-50765671724,gateway,Uncategorized,
UPI-52027831049,gateway,Uncategorized,
UPI-52053831349,gateway,Uncategorized,
UPI-52460689208,gateway,Uncategorized,
UPI-52591972570,gateway,Uncategorized,
UPI-53212565594,gateway,Uncategorized,
UPI-54534011049,gateway,Uncategorized,
UPI-54848478918,gateway,Uncategorized,
UPI-55997744364,gateway,Uncategorized,
UPI-56150460329,gateway,Uncategorized,
UPI-56209131047,gateway,Uncategorized,
UPI-56404588163,gateway,Uncategorized,
UPI-56835229574,gateway,Uncategorized,
UPI-57063733499,gateway,Uncategorized,
UPI-60315408990,gateway,Uncategorized,
UPI-60429048958,gateway,Uncategorized,
UPI-60501865296,gateway,Uncategorized,
UPI-60691035519,gateway,Uncategorized,
UPI-61152867669,gateway,Uncategorized,
UPI-64860658301,gateway,Uncategorized,
UPI-64888827728,gateway,Uncategorized,
VILPOSBIH@PAYTM,gateway,Uncategorized,
VILPOSMUM@PAYTM,gateway,Uncategorized,
VPA GOOG-PAYMENTS@AXISBANK,gateway,Uncategorized,
VPA GOOGLEPAY@AXISBANK,gateway,Uncategorized,
01 DEC - 14 DEC & GET RS,noise,—,
05 JUN - 18 JUN & GET RS,noise,—,
06 JUN - 19 JUN & GET RS,noise,—,
06 MONTHS EMI,noise,—,
0795935A0000002,noise,—,
08,noise,—,
10-12 MAR,noise,—,
10X YOUR PURCHASE AT GIVA,noise,—,
16 FEB 2026,noise,—,
17 NOV - 30 NOV & GET RS,noise,—,
1MG IN 2023,noise,—,
20,noise,—,
22 MAY - 04 JUN & GET RS,noise,—,
23 CHHOTI KALYANI ROAD,noise,—,
23 MAY - 05 JUN & GET RS,noise,—,
27TH JAN 2026,noise,—,
30TH JULY,noise,—,
30TH SEPT,noise,—,
31ST JULY,noise,—,
56161600 TO REGISTER,noise,—,
919951860002 AXIS BANK,noise,—,
9264092640 TO BLOCK,noise,—,
9264092640 TO REPORT UNAUTHORIZED,noise,—,
A DAY OF FREE MEHENDI DESIGNS,noise,—,
A K R TECH PARK 3RD FLR 7,noise,—,
A NAV OF 23,noise,—,
A NAV OF 25,noise,—,
A NAV OF 26,noise,—,
A NAV OF 63,noise,—,
ACCESS YOUR POLICY,noise,—,
ADD,noise,—,
AGHORIA BAZAR,noise,—,
AMAR CINEMA ROAD,noise,—,
APRIL 20,noise,—,
AVAIL,noise,—,
AVAIL 2X POINTS,noise,—,
AVAIL THE OFFER,noise,—,
AVAILABILITY OF SUFFICIENT BALANCE,noise,—,
AVOID CHARGES,noise,—,
AVOID DELAY AND INTEREST CHARGES,noise,—,
AVOID DISCONNECTION,noise,—,
AVOID INCONVENIENCE,noise,—,
AVOID LATE PAYMENT CHARGES OF UPTO R,noise,—,
AVOID SERVICE DISRUPTION,noise,—,
AX-AXISBK,noise,—,
AXIS BANK CREDIT CARD NO,noise,—,
BE CREDITED IN 30 MINS,noise,—,
BE DEBITED FROM,noise,—,
BE DEBITED FROM YOUR ICICI BANK CRED,noise,—,
BE PAID,noise,—,
BE PAID BY 14-NOV-23,noise,—,
BE PAID BY 15-JAN-24,noise,—,
BE PAID BY 15-JUN-24,noise,—,
BE PAID BY 16-MAY-24,noise,—,
BE PAID BY 20-AUG-24,noise,—,
BE PAID BY 20-JUL-24,noise,—,
BE PAID BY 20-JUN-24,noise,—,
BE PAID RS,noise,—,
BIGBASKET IN 2023,noise,—,
BLACKBERRYS STORE NEAR YOU,noise,—,
BLINK,noise,—,
BUY A NEW INTERNATIONAL ROAMING PACK,noise,—,
CARATLANE WORTH RS 30,noise,—,
CARD 4386XXX0XXXX8149,noise,—,
CARD 5203XXX3XXXX1852,noise,—,
CF,noise,—,
CHECKOUT PAGE,noise,—,
CITI,noise,—,
CLUB ROAD,noise,—,
CLUB ROAD CR,noise,—,
CONNECT,noise,—,
CONTINUE,noise,—,
COPY LIN,noise,—,
CP-NBHOME,noise,—,
DEPARTURE,noise,—,
DIGITAL,noise,—,
DISPUTE,noise,—,
DOWNLOAD RECEIPT,noise,—,
EIA,noise,—,
ENJOY UNINTERRUPTED SERVICES,noise,—,
EXPIRE,noise,—,
FIRST CITIZEN CLUB AC REDEEMABLE,noise,—,
FROM PAYTM WALLET,noise,—,
GET FLAT RS,noise,—,
GET IT @RS,noise,—,
GET RS,noise,—,
GH@GMAIL.COM,noise,—,
GLOBAL,noise,—,
HARISABHA CHOWK,noise,—,
HDFC BANK,noise,—,
ICICI,noise,—,
INVOICE DATED 13,noise,—,
INVOICE DATED 16,noise,—,
INVOICE DATED 25,noise,—,
INVOICE DATED 28,noise,—,
INVOICE DATED 30,noise,—,
JD-NBHOME-S,noise,—,
JD-NBHOOD,noise,—,
JK-BLKBRY-P,noise,—,
JM-NBHOOD,noise,—,
KALYANI MARKET,noise,—,
KEEP THE BANK,noise,—,
KNOW MORE ABOUT SYSTEMATIC LUMPSUM W,noise,—,
KONRAD-ADENAUER-UFER,noise,—,
LEAST INR 5000,noise,—,
MAB0450525A0000036YESBANK,noise,—,
MAKE THE NECESSARY PAYMENTS,noise,—,
MARKSANS PHARMA LTD 05-OCT-24,noise,—,
METRO SHOES TILL 20TH APRIL,noise,—,
MISS,noise,—,
MR,noise,—,
MYSOLLY GOLD TIER,noise,—,
NAV 41,noise,—,
NAV 62,noise,—,
NAV OF 157,noise,—,
NAV OF 161,noise,—,
NAV OF 166,noise,—,
NAV OF 171,noise,—,
NAV OF 172,noise,—,
NAV OF 178,noise,—,
NAV OF 181,noise,—,
NAV OF 186,noise,—,
NAV OF 193,noise,—,
NAV OF 194,noise,—,
NAV OF 200,noise,—,
NAV OF 203,noise,—,
NAV OF 204,noise,—,
NAV OF 207,noise,—,
NAV OF 208,noise,—,
NAV OF 209,noise,—,
NAV OF 214,noise,—,
NAV OF 44,noise,—,
NAV OF 46,noise,—,
NAV OF 47,noise,—,
NAV OF 48,noise,—,
NAV OF 50,noise,—,
NAV RS,noise,—,
NEAREST STORE OR REBRAND,noise,—,
NEW JEWELLERY PURCHASE,noise,—,
NEW JEWELRY PURCHASE,noise,—,
NEXT MONTH,noise,—,
NICE,noise,—,
NOBLEBAZAR,noise,—,
NON PAYMENT SUPPLY IS TEMPORARILY DI,noise,—,
OIL INDIA LIMITED 03-OCT-24,noise,—,
OLA MONE,noise,—,
PAKKI SARAI CHOWK,noise,—,
PART PRE-PAYMENT FOR YOUR LOAN,noise,—,
PAY,noise,—,
PAY NOW,noise,—,
PAY NOW & MANAGE YOUR,noise,—,
PAY ONLINE,noise,—,
PAY THROUGH OPTIONS,noise,—,
PAY YOUR BILL,noise,—,
PAYTM WALLET LINKED,noise,—,
PEPPER,noise,—,
PHOENIX MALL OF THE MILLENNIUM,noise,—,
PHONE,noise,—,
PIMPLE,noise,—,
PIMPLE SAUDAGAR I WE,noise,—,
PNB RAILWAY STATION DIS,noise,—,
PRE-APPROVED PERSONAL LOAN,noise,—,
PUNE DOM,noise,—,
PUNE PIMPLE SAUDAGAR,noise,—,
PUNE RAILWAY STATION,noise,—,
PUNE RLY STN II,noise,—,
RAHATANI BRANCH,noise,—,
RAZOR,noise,—,
REALISATION,noise,—,
REGISTRO,noise,—,
RELIEF,noise,—,
RENEW THE SUBSCRIPTION,noise,—,
REPORT,noise,—,
RESUME THE SERVICES,noise,—,
REVIVE OUR RELATIONSHIP,noise,—,
ROYAL,noise,—,
RS,noise,—,
SARAIYAGANJ,noise,—,
SAVE MORE & ENJOY FREE GIFT BOX,noise,—,
SBI GOLA ROAD BRANCH,noise,—,
SBI MITHANPUR CHOWK,noise,—,
SBI MITHANPURA,noise,—,
SBI MUZAFFARPUR,noise,—,
SBI PURANI BAZAR,noise,—,
SELL THEIR OLD PHONE,noise,—,
SHOWER TALC 150G OR DABUR MESWAK TOO,noise,—,
STOP,noise,—,
STORE AND RESTOCK,noise,—,
SUPER,noise,—,
SUPPORT,noise,—,
TANEIRA & GET A FREE TANISHQ GOLD COIN,noise,—,
TATA CLIQ IN 2023,noise,—,
TATA CLIQ IN LAST 12 MONTHS,noise,—,
THE BANK,noise,—,
THIS AMOUNT,noise,—,
TM-NBHOOD,noise,—,
TODAY,noise,—,
TRUEBALANCE WITHIN 5-MINS,noise,—,
TX-NBHOME-S,noise,—,
URBAN,noise,—,
US,noise,—,
USE LPEXTRA500 TO GET FLAT RS,noise,—,
VAISHNAVI SUMMITGR FLR 7T,noise,—,
VIEW YOUR UPDATED,noise,—,
VM-NBHOME-S,noise,—,
WAIVE THE ANNUAL FEE,noise,—,
WEB CHECK-IN FOR YOUR SPICEJET FLIGH,noise,—,
WIN VOUCHERS UP TO RS,noise,—,
WWW,noise,—,
YAMUNA COMPLEX,noise,—,
YOU,noise,—,
YOUR,noise,—,
YOUR APARTMENT IN GODREJ MEADOWS -PH,noise,—,
YOUR AXIS BANK CREDIT CARD,noise,—,
YOUR AXIS BANK CREDIT CARD NO,noise,—,
YOUR BANK,noise,—,
YOUR BIGBASKET WALLET,noise,—,
YOUR DRIVER,noise,—,
YOUR FLEXI LOAN,noise,—,
YOUR HOME,noise,—,
YOUR NEAREST TANEIRA STORE,noise,—,
YOUR POLICY WHICH IS DUE,noise,—,
YOUR REGISTERED EMAIL ID SRIJAYANTSI,noise,—,
YOUR UNIT GMP2T10906 IN GODREJ MEADO,noise,—,
ZYPE STARTING @1,noise,—,
3 EMI AMAZON HAS BEEN CREDITED,refund,Refunds,
AMAZON HAS BEEN CREDITED,refund,Refunds,
AMAZON INDIA CYBS SI HAS BEEN CREDITED,refund,Refunds,
AMAZON SELLER SERVICES HAS BEEN PROCESSED,refund,Refunds,
AMAZON.REFUNDS@AXISBANK,refund,Refunds,
AMAZON.REFUNDS@YAPL,refund,Refunds,
DREAMPLUG PAYTECH SOLU HAS BEEN CREDITED,refund,Refunds,
EASY TRIP PLANNERS PVTLTD HAS BEEN CREDITED,refund,Refunds,
FLIPKART INTERNET PRIV HAS BEEN CREDITED,refund,Refunds,
HATHWAY CABLE AND DATA HAS BEEN CREDITED,refund,Refunds,
IRCTC HAS BEEN CREDITED,refund,Refunds,
MICROSOFT INDIA HAS BEEN PROCESSED,refund,Refunds,
MYNTRA DESIGN PVT LTD HAS BEEN CREDITED,refund,Refunds,
MYNTRA DESIGNS PRIVATE L HAS BEEN PROCESSED,refund,Refunds,
PAYTM ECOMMERCE HAS BEEN CREDITED,refund,Refunds,
PEPPERFRY COM HAS BEEN CREDITED,refund,Refunds,
REV-UPI-XXXXXXXXXX5656-8452907261@AXISB-306380175627-PAYMENT,refund,Refunds,
SPICE GARDEN HAS BEEN PROCESSED,refund,Refunds,
SPICE GARDEN WILL BE CREDITED BY SEP 30,refund,Refunds,
SWIGGY.REFUNDS@AXISBANK,refund,Refunds,
UBER INDIA SYSTEMS PRI HAS BEEN CREDITED,refund,Refunds,
UPI-BILLDESKTEZ-BILLDESK-TEZ@ICICI-ICIC0000555-204840575834-REVERSAL.AVL,refund,Refunds,
URBAN COMPANY HAS BEEN CREDITED,refund,Refunds,
VAISHALI CAFE SWEETS HAS BEEN PROCESSED,refund,Refunds,
VAISHALI CAFE SWEETS WILL BE CREDITED BY FEB 21,refund,Refunds,
VAISHALI FOOD PARK SWEETS HAS BEEN PROCESSED,refund,Refunds,
VPA BHIMCASHBACK@HDFCBANK,refund,Refunds,
VPA GPAYREFUND-ONLINE@AXISBANK,refund,Refunds,
ZOMATO HAS BEEN CREDITED,refund,Refunds,
JAYANT-SRIJAYANTSINGH-1@OKHDFCBANK-SCBL0036046-103518916144-UPI,self,Self Transfer,
JAYANT-SRIJAYANTSINGH-1@OKHDFCBANK-SCBL0036046-103610837433-UPI.AVL,self,Self Transfer,
JAYANT-SRIJAYANTSINGH-1@OKHDFCBANK-SCBL0036046-109516204873-UPI,self,Self Transfer,
JAYANT-SRIJAYANTSINGH-1@OKHDFCBANK-SCBL0036046-111910016851-UPI,self,Self Transfer,
JAYANT-SRIJAYANTSINGH-1@OKHDFCBANK-SCBL0036046-117682426065-SAVING,self,Self Transfer,
JAYANT-SRIJAYANTSINGH-1@OKHDFCBANK-SCBL0036046-126547929534-UPI.AVL,self,Self Transfer,
JAYANT-SRIJAYANTSINGH-1@OKHDFCBANK-SCBL0036046-130146933730-UPI.AVL,self,Self Transfer,
JAYANT-SRIJAYANTSINGH-1@OKHDFCBANK-SCBL0036046-131677140533-UPI.AVL,self,Self Transfer,
JAYANT-SRIJAYANTSINGH-1@OKHDFCBANK-SCBL0036046-133075899119-UPI.AVL,self,Self Transfer,
JAYANT-SRIJAYANTSINGH-1@OKHDFCBANK-SCBL0036046-135825022611-UPI.AVL,self,Self Transfer,
JAYANT-SRIJAYANTSINGH-1@OKHDFCBANK-SCBL0036046-135830387959-UPI.AVL,self,Self Transfer,
JAYANT-SRIJAYANTSINGH-1@OKHDFCBANK-SCBL0036046-310862501937-UPI.AVL,self,Self Transfer,
JAYANT-SRIJAYANTSINGH-2@OKHDFCBANK-CITI0000004-036520921987-UPI,self,Self Transfer,
JAYANT-SRIJAYANTSINGH-2@OKHDFCBANK-CITI0000004-103219347282-UPI,self,Self Transfer,
JAYANT-SRIJAYANTSINGH-2@OKHDFCBANK-CITI0000004-115521906856-UPI,self,Self Transfer,
SRIJAYANTSINGH-1@OKHDFCBANK,self,Self Transfer,
SRIJAYANTSINGH-2@OKAXIS,self,Self Transfer,
SRIJAYANTSINGH-2@OKHDFCBANK,self,Self Transfer,
SRIJAYANTSINGH@GMAIL,self,Self Transfer,
SRIJAYANTSINGH@GMAIL.COM,self,Self Transfer,
SRIJAYANTSINGH@OKHDFCBANK,self,Self Transfer,
VPA SRIJAYANT@SBI,self,Self Transfer,
VPA SRIJAYANTSINGH-2@OKAXIS,self,Self Transfer,
VPA SRIJAYANTSINGH-4@OKICICI,self,Self Transfer,
ADD-MONEY@PAYTM,wallet,Wallet Top-up,
AIRTELMONEY,wallet,Wallet Top-up,
AMAZON GIFT CARD,wallet,Wallet Top-up,
AMAZON PAY IN E,wallet,Wallet Top-up,
AMAZON PAY IN G,wallet,Wallet Top-up,
EVOUCHERS@PAYBACK.IN,wallet,Wallet Top-up,
GYFTR,wallet,Wallet Top-up,
OLAMONEY,wallet,Wallet Top-up,
OLAMONEY1,wallet,Wallet Top-up,
PAYTM PAYMENTS,wallet,Wallet Top-up,
PAYTMADDMONEY,wallet,Wallet Top-up,
SUPPORT@OLAMONEY.COM,wallet,Wallet Top-up,
YOUR OLAMONEY POSTPAID,wallet,Wallet Top-up,
